<?xml version="1.0" encoding="UTF-8"?>
<addon version="0.2">
    <title xml:lang="ko">자동 링크 애드온</title>
    <title xml:lang="jp">自動リンクアドオン</title>
    <title xml:lang="en">Auto Link</title>
    <title xml:lang="vi">Auto Link</title>
    <title xml:lang="zh-CN">自动链接插件</title>
    <title xml:lang="es">auto vínculo addon</title>
    <title xml:lang="ru">авто ссылка аддон</title>
    <title xml:lang="ge">Auto-Link Addon</title>
    <title xml:lang="zh-TW">自動連結</title>
    <description xml:lang="ko">
        글과 댓글의 내용 중 URL 문자열에 링크를 걸어주는 애드온입니다.
    </description>
    <description xml:lang="jp">
        書き込み本文とコメントに登録された内容の中、httpで始まる一般文字列に自動にリンクを貼り付け、そのリンクにマウスオーバすると、別ウィンドウ、または同一ウィンドウに開くメニュが現れるアドオンです。
    </description>
    <description xml:lang="en">
        This addon makes a link to a string that starts with http.
    </description>
    <description xml:lang="vi">
        Addon này sẽ tự động tạo ra một đường Link khi gặp chuỗi kí tự 'http' có trong bài viết.
    </description>
    <description xml:lang="zh-CN">
        主题及评论中以http开始的字符串，自动转换为链接。并且鼠标移到链接上方时，将出现可选(新窗/本页面)提示框。
    </description>
    <description xml:lang="es">
        Los comentarios que comienzan con http naeyongjung tema común de la cadena para vincular automáticamente a colgar el puntero del ratón sobre cada uno de los vínculos y saechang Ciudad y aparecen en el menú de add-on de decoración.
    </description>
    <description xml:lang="ru">
        Комментарии, которые начинаются с http naeyongjung темой общей строки автоматически ссылку повесить мышь над каждой ссылке и saechang Сити и появляться на меню добавить-на украшения.
    </description>
    <description xml:lang="ge">
        Kommentare beginnen mit http naeyongjung Thema der gemeinsamen String automatisch Link zu hängen Sie mit der Maus über die einzelnen Links und saechang Stadt und auf dem Menü des Add-On Dekoration.
    </description>
    <description xml:lang="zh-TW">
        是種可將主題和評論內容中的URL網址字串自動轉換成連結的附加元件。
    </description>
    <version>0.1</version>
    <date>2008-04-22</date>

    <author email_address="developers@xpressengine.com" link="http://xpressengine.com/">
        <name xml:lang="ko">NHN</name>
        <name xml:lang="jp">NHN</name>
        <name xml:lang="en">NHN</name>
        <name xml:lang="vi">NHN</name>
        <name xml:lang="zh-CN">NHN</name>
        <name xml:lang="es">NHN</name>
        <name xml:lang="ru">NHN</name>
        <name xml:lang="ge">NHN</name>
        <name xml:lang="zh-TW">NHN</name>
    </author>
</addon>
