<?xml version="1.0" encoding="UTF-8"?>
<addon version="0.2">
    <title xml:lang="ko">회원 확장 정보 출력</title>
    <title xml:lang="jp">会員情報拡張表示</title>
    <title xml:lang="zh-CN">用户扩展信息</title>
    <title xml:lang="en">Extra Member Info</title>
    <title xml:lang="vi">Bổ xung thông tin thành viên</title>
    <title xml:lang="ge">회원 확장 정보 출력</title>
    <title xml:lang="es">회원 확장 정보 출력</title>
    <title xml:lang="ru">Экстраинформация о пользователях</title>
    <title xml:lang="zh-TW">用戶延伸資料</title>
    <description xml:lang="ko">
        회원이 등록한 이미지이름, 이미지마크를 사용하기 위해서는 이 애드온을 활성화 시키세요.
    </description>
    <description xml:lang="jp">
        会員が登録したイメージニックネーム、イメージマークを使うためにはこのアドオンをオンにして下さい。
    </description>
    <description xml:lang="zh-CN">
        此插件将把用户信息中的昵称图片，用户图标，签名等信息显示到页面当中。
    </description>
    <description xml:lang="en">
        This addon displays a member's image name, image mark.
    </description>
    <description xml:lang="vi">
        Addon này sẽ hiển thị hình ảnh thay thế tên và hình đánh dấu của thành viên.
    </description>
    <description xml:lang="ge">
        This addon displays a member's image name, image mark.
    </description>
    <description xml:lang="es">
        This addon displays a member's image name, image mark.
    </description>
    <description xml:lang="ru">
        Аддон изображает имя, марку картинки пользователя.
    </description>
    <description xml:lang="zh-TW">
        可將用戶資料中的暱稱圖片、用戶圖示、簽名檔等資料顯示到頁面當中。
    </description>
    <version>0.2</version>
    <date>2007-02-28</date>

    <author email_address="developers@xpressengine.com" link="http://xpressengine.com/">
        <name xml:lang="ko">NHN</name>
        <name xml:lang="vi">NHN</name>
        <name xml:lang="jp">NHN</name>
        <name xml:lang="zh-CN">NHN</name>
        <name xml:lang="en">NHN</name>
        <name xml:lang="ge">NHN</name>
        <name xml:lang="es">NHN</name>
        <name xml:lang="ru">NHN</name>
        <name xml:lang="zh-TW">NHN</name>
    </author>
</addon>
