<filter name="delete_comment" module="board" act="procBoardDeleteComment">
  <form>
    <node target="comment_srl" required="true" />
  </form>
  <parameter>
    <param name="mid" target="mid" />
    <param name="page" target="page" />
    <param name="document_srl" target="document_srl" />
    <param name="comment_srl" target="comment_srl" />
  </parameter>
  <response callback_func="completeDeleteComment">
    <tag name="error" />
    <tag name="message" />
    <tag name="mid" />
    <tag name="document_srl" />
    <tag name="page" />
  </response>
</filter>
