<filter name="input_password" module="board" act="procBoardVerificationPassword" >
  <form>
    <node target="document_srl" required="true" />
    <node target="password" required="true" />
  </form>
  <parameter>
    <param name="mid" target="mid" />
    <param name="document_srl" target="document_srl" />
    <param name="comment_srl" target="comment_srl" />
    <param name="password" target="password" />
  </parameter>
  <response>
    <tag name="error" />
    <tag name="message" />
  </response>
</filter>
