<?xml version="1.0" encoding="UTF-8"?>
<module version="0.2">
    <title xml:lang="ko">댓글</title>
    <title xml:lang="jp">コメント</title>
    <title xml:lang="zh-CN">评论管理</title>
    <title xml:lang="en">Comment</title>
    <title xml:lang="vi">Bình luận</title>
    <title xml:lang="es">Commentarios</title>
    <title xml:lang="ru">Комментарии</title>
    <title xml:lang="zh-TW">評論</title>
    <title xml:lang="tr">Yorum</title>
    <description xml:lang="ko">게시판이나 블로그등의 댓글을 관리하는 모듈입니다.</description>
    <description xml:lang="jp">掲示板やブログなどのコメントを管理するモジュールです。</description>
    <description xml:lang="zh-CN">管理版面或博客评论的模块。</description>
    <description xml:lang="en">Module for managing board/blog's comments</description>
    <description xml:lang="vi">Module quản lý bình luận của bài viết và sổ lưu niệm</description>
    <description xml:lang="es">Es el módulo para manejar commentarios en blog o boletínes.</description>
    <description xml:lang="ru">Модуль для управления комментариями форума/блога.</description>
    <description xml:lang="zh-TW">管理討論板或部落格評論的模組。</description>
    <description xml:lang="tr">Pano ve blog yorumlarını yönetme modülü</description>
    <version>0.1</version>
    <date>2007-02-28</date>
    <category>content</category>

    <author email_address="developers@xpressengine.com" link="http://xpressengine.com/">
        <name xml:lang="ko">NHN</name>
        <name xml:lang="jp">NHN</name>
        <name xml:lang="vi">NHN</name>
        <name xml:lang="zh-CN">NHN</name>
        <name xml:lang="en">NHN</name>
        <name xml:lang="es">NHN</name>
        <name xml:lang="ru">NHN</name>
        <name xml:lang="zh-TW">NHN</name>
        <name xml:lang="tr">NHN</name>
    </author>
</module>
