<query id="getCommentVotedLogInfo" action="select">
    <tables>
        <table name="comment_voted_log" />
    </tables>
    <columns>
        <column name="count(*)" alias="count" />
    </columns>
    <conditions>
        <condition operation="equal" column="comment_srl" var="comment_srl" filter="number" notnull="notnull" />
        <group pipe="and">
            <condition operation="equal" column="member_srl" var="member_srl" filter="number" pipe="and" />
            <condition operation="equal" column="ipaddress" var="ipaddress" pipe="and" />
        </group>
    </conditions>
</query>
