<?xml version="1.0" encoding="UTF-8"?>
<module version="0.2">
    <title xml:lang="ko">쉬운 설치</title>
    <title xml:lang="en">EasyInstaller</title>
    <title xml:lang="vi">Cài đặt tự động</title>
    <title xml:lang="zh-TW">自動安裝</title>
    <title xml:lang="zh-CN">安装·更新</title>
    <title xml:lang="jp">イージーインストール</title>
    <title xml:lang="tr">KolayKurulum</title>
    <description xml:lang="ko">관리자 모드에서 클릭으로 모듈/스킨/레이아웃/위젯/위젯스타일 등을 설치하는 모듈입니다.</description>
    <description xml:lang="en">With this module, you can install and upgrade your programs including modules, skins, layouts, etc., from www.xpressengine.com by one-click.</description>
    <description xml:lang="vi">Với Module này, bạn có thể cập nhật và cài đặt các phiên bản một cách tự động. Bao gồm Module, Layout, Widget, Addon, ... từ trang chủ XE bằng một bấm chuột.</description>
    <description xml:lang="zh-TW">可以藉由此模組安裝、更新程式包括模組、面板、版面等。</description>
    <description xml:lang="tr">Bu modül ile modüller, dış görünümler, yerleşim düzenleri.. gibi kendi programlarınızı, www.xpressengine.com adresinden tek bir tık ile kurup-düzenleyebilirsiniz. </description>
    <description xml:lang="zh-CN">很方便的在线安装/更新XE相关模块(模块/皮肤/布局/控件/控件样式等)。</description>
    <description xml:lang="jp">管理者モードにてクリックだけで、モジュール/スキン/レイアウト/ウィジェット/ウィジェットスタイルのインストールを可能にするモジュールです。</description>
    <description xml:lang="tr">Bu modülle; modüller, dış görünümler, yerleşim düzenleri vs. gibi programlarınızı www.xpressengine.com adresinden tek tıkla kurabilir ve sürümlerini yükseltebilirsiniz. </description>
    <version>0.3</version>
    <date>2009-11-11</date>
    <category>system</category>
    <author email_address="developers@xpressengine.com" link="http://xpressengine.com/">
        <name xml:lang="ko">NHN</name>
        <name xml:lang="en">NHN</name>
        <name xml:lang="vi">NHN</name>
        <name xml:lang="zh-TW">NHN</name>
        <name xml:lang="zh-CN">NHN</name>
        <name xml:lang="jp">NHN</name>
        <name xml:lang="tr">NHN</name>
    </author>
</module>
