<?xml version="1.0" encoding="UTF-8"?>
<skin version="0.2">
    <title xml:lang="ko">기본 스킨</title>
    <title xml:lang="zh-CN">默认皮肤</title>
    <title xml:lang="jp">基本スキン</title>
    <title xml:lang="en">Default Skin</title>
    <title xml:lang="vi">Skin Mặc định</title>
    <title xml:lang="es">Por defecto piel</title>
    <title xml:lang="ru">기본 스킨</title>
    <title xml:lang="zh-TW">預設面板</title>
    <title xml:lang="tr">Varsayılan Dış Görünüm</title>
    <description xml:lang="ko">
        NHN (developers@xpressengine.com)
    </description>
    <description xml:lang="zh-CN">
        NHN (developers@xpressengine.com)
    </description>
    <description xml:lang="jp">
        NHN (developers@xpressengine.com)
    </description>
    <description xml:lang="en">
        NHN (developers@xpressengine.com)
    </description>
    <description xml:lang="vi">
        NHN (developers@xpressengine.com)
    </description>
    <description xml:lang="es">
        NHN (developers@xpressengine.com)
    </description>
    <description xml:lang="ru">
        NHN (developers@xpressengine.com)
    </description>
    <description xml:lang="zh-TW">
        NHN (developers@xpressengine.com)
    </description>
    <description xml:lang="tr">
        NHN (developers@xpressengine.com)
    </description>
    <version>0.1</version>
    <date>2008-05-28</date>

    <author email_address="developers@xpressengine.com" link="http://xpressengine.com/">
        <name xml:lang="ko">NHN</name>
        <name xml:lang="jp">NHN</name>
        <name xml:lang="zh-CN">NHN</name>
        <name xml:lang="en">NHN</name>
        <name xml:lang="vi">NHN</name>
        <name xml:lang="es">NHN</name>
        <name xml:lang="ru">NHN</name>
        <name xml:lang="zh-TW">NHN</name>
        <name xml:lang="tr">NHN</name>
    </author>

    <colorset>
        <color name="white" src="screenshot/white.gif">
            <title xml:lang="ko">기본</title>
            <title xml:lang="zh-CN">默认</title>
            <title xml:lang="jp">デフォルト</title>
            <title xml:lang="en">default</title>
            <title xml:lang="vi">Mặc định</title>
            <title xml:lang="es">Por defecto</title>
            <title xml:lang="ru">умолчанию</title>
            <title xml:lang="zh-TW">預設</title>
            <title xml:lang="tr">varsayılan</title>
        </color>
        <color name="cyan" src="screenshot/cyan.gif">
          <title xml:lang="ko">청록색</title>
          <title xml:lang="jp">青緑</title>
          <title xml:lang="zh-CN">青绿色</title>
          <title xml:lang="en">cyan</title>
          <title xml:lang="vi">Cyan</title>
          <title xml:lang="es">Cian</title>
          <title xml:lang="ru">бирюзовый</title>
          <title xml:lang="zh-TW">青綠色</title>
          <title xml:lang="tr">Deniz Mavisi</title>
        </color>
        <color name="green" src="screenshot/green.gif">
          <title xml:lang="ko">초록색</title>
          <title xml:lang="jp">緑</title>
          <title xml:lang="zh-CN">绿色</title>
          <title xml:lang="en">green</title>
          <title xml:lang="vi">Green</title>
          <title xml:lang="es">Verde</title>
          <title xml:lang="ru">зеленый</title>
          <title xml:lang="zh-TW">綠色</title>
          <title xml:lang="tr">Yeşil</title>
        </color>
        <color name="red" src="screenshot/red.gif">
          <title xml:lang="ko">빨간색</title>
          <title xml:lang="jp">赤</title>
          <title xml:lang="zh-CN">红色</title>
          <title xml:lang="en">red</title>
          <title xml:lang="vi">Red</title>
          <title xml:lang="es">Roja</title>
          <title xml:lang="ru">красный</title>
          <title xml:lang="zh-TW">紅色</title>
          <title xml:lang="tr">Kırmızı</title>
        </color>
        <color name="purple" src="screenshot/purple.gif">
          <title xml:lang="ko">보라색</title>
          <title xml:lang="jp">紫</title>
          <title xml:lang="zh-CN">紫色</title>
          <title xml:lang="en">purple</title>
          <title xml:lang="vi">Purple</title>
          <title xml:lang="es">Púrpura</title>
          <title xml:lang="ru">Лиловый</title>
          <title xml:lang="zh-TW">紫色</title>
          <title xml:lang="tr">Mor</title>
        </color>
        <color name="black" src="screenshot/black.gif">
            <title xml:lang="ko">검은색</title>
            <title xml:lang="jp">黒</title>
            <title xml:lang="en">Black</title>
            <title xml:lang="vi">Black</title>
            <title xml:lang="ru">Черного</title>
            <title xml:lang="es">Negro</title>
            <title xml:lang="zh-CN">黑色</title>
            <title xml:lang="zh-TW">黑色</title>
            <title xml:lang="tr">Siyah</title>
        </color>
    </colorset>
</skin>
