<?xml version="1.0" encoding="UTF-8"?>
<module version="0.2">
    <title xml:lang="ko">접속통계</title>
    <title xml:lang="zh-CN">访问统计</title>
    <title xml:lang="en">Counter</title>
    <title xml:lang="vi">Counter</title>
    <title xml:lang="es">Contador</title>
    <title xml:lang="jp">アクセスカウンター</title>
    <title xml:lang="ru">Базовый счетчик</title>
    <title xml:lang="zh-TW">基本統計</title>
    <title xml:lang="tr">Sayaç</title>
    <description xml:lang="ko">기본 접속 통계 프로그램입니다.</description>
    <description xml:lang="zh-CN">默认访问统计程序。</description>
    <description xml:lang="en">Basic connection statistics program.</description>
    <description xml:lang="vi">Chương trình thống kê kết nối cơ bản.</description>
    <description xml:lang="es">Programa básico para la estadística de la conección.</description>
    <description xml:lang="jp">デフォルトアクセス統計のプログラムです。</description>
    <description xml:lang="ru">Базовая программа статистики подключений.</description>
    <description xml:lang="zh-TW">預設的統計程式。</description>
    <description xml:lang="tr">Temel bağlantı istatistik programı.</description>
    <version>0.1</version>
    <date>2007-02-28</date>
    <category>statistics</category>

    <author email_address="developers@xpressengine.com" link="http://xpressengine.com/">
        <name xml:lang="ko">NHN</name>
        <name xml:lang="zh-CN">NHN</name>
        <name xml:lang="en">NHN</name>
        <name xml:lang="es">NHN</name>
        <name xml:lang="vi">NHN</name>
        <name xml:lang="jp">NHN</name>
        <name xml:lang="ru">NHN</name>
        <name xml:lang="zh-TW">NHN</name>
        <name xml:lang="tr">NHN</name>
    </author>
</module>
