<?xml version="1.0" encoding="UTF-8"?>
<addon version="0.2">
    <title xml:lang="ko">커뮤니케이션</title>
    <title xml:lang="jp">コミュニケーション</title>
    <title xml:lang="zh-CN">会员交流</title>
    <title xml:lang="en">Communication</title>
    <title xml:lang="vi">Truyền thông</title>
    <title xml:lang="ge">커뮤니케이션</title>
    <title xml:lang="es">커뮤니케이션</title>
    <title xml:lang="ru">Общение</title>
    <title xml:lang="zh-TW">交流</title>
    <description xml:lang="ko">
        커뮤니케이션 모듈의 기능을 활성화 시켜 쪽지나 친구기능을 사용할 수 있도록 해줍니다.
        쪽지, 친구기능등을 사용하기 위해서는 이 애드온을 사용으로 해주시면 됩니다.
    </description>
    <description xml:lang="jp">
        メッセージ・友達機能を使うにはこのアドオンを「使用」にして下さい。
    </description>
    <description xml:lang="zh-CN">
        此插件可激活短信箱及添加好友功能。
    </description>
    <description xml:lang="en">
        This addon enables communication module in order to use message or friend function.
        Please enable this addon in case you want to use those functions.
    </description>
    <description xml:lang="vi">
        Addon này cho phép sử dụng Module truyền thông để sử dụng tin nhắn hay chức năng bạn bè.
        Hãy kích hoạt nếu bạn muốn sử dụng chức năng này.
    </description>
    <description xml:lang="ge">
        커뮤니케이션 모듈의 기능을 활성화 시켜 쪽지나 친구기능을 사용할 수 있도록 해줍니다.
        쪽지, 친구기능등을 사용하기 위해서는 이 애드온을 사용으로 해주시면 됩니다.
    </description>
    <description xml:lang="es">
        커뮤니케이션 모듈의 기능을 활성화 시켜 쪽지나 친구기능을 사용할 수 있도록 해줍니다.
        쪽지, 친구기능등을 사용하기 위해서는 이 애드온을 사용으로 해주시면 됩니다.
    </description>
    <description xml:lang="ru">
        Активизирует модуль Общение, позволяет использование сообщений между друзьями.
    </description>
    <description xml:lang="zh-TW">
        讓會員擁有短訊和新增好友功能。
    </description>
    <version>0.1</version>
    <date>2008-05-28</date>

    <author email_address="developers@xpressengine.com" link="http://xpressengine.com/">
        <name xml:lang="ko">NHN</name>
        <name xml:lang="jp">NHN</name>
        <name xml:lang="zh-CN">NHN</name>
        <name xml:lang="en">NHN</name>
        <name xml:lang="vi">NHN</name>
        <name xml:lang="ge">NHN</name>
        <name xml:lang="es">NHN</name>
        <name xml:lang="ru">NHN</name>
        <name xml:lang="zh-TW">NHN</name>
    </author>
</addon>
