<query id="updateInstalledPackage" action="update">
    <tables>
        <table name="ai_installed_packages" />
    </tables>
    <columns>
        <column name="version" var="version" notnull="notnull" />
        <column name="current_version" var="current_version" notnull="notnull" />
        <column name="need_update" var="need_update" />
    </columns>
    <conditions>
        <condition operation="equal" column="package_srl" var="package_srl" notnull="notnull" />
    </conditions>
</query>
