<?xml version="1.0" encoding="UTF-8"?>
<layout version="0.2">
    <title xml:lang="ko">XE 공식 사이트 모바일 레이아웃</title>
    <title xml:lang="en">XE Official Mobile layout</title>
    <title xml:lang="zh-CN">官方移动版布局</title>
    <title xml:lang="zh-TW">XE Mobile 官方版面</title>
    <title xml:lang="tr">XE Resmi Hareketli Yerleşim Düzeni</title>
    <description xml:lang="ko">
        XE 공식 모바일 레이아웃입니다.
        NHN (developers@xpressengine.com) 
    </description>
    <description xml:lang="en">
        This layout is the XE Official website layout.
        NHN (developers@xpressengine.com) 
    </description>
    <description xml:lang="zh-CN">
        官方移动版布局。
        NHN (developers@xpressengine.com) 
    </description>
    <description xml:lang="zh-TW">
        XE Mobile 官方網站版面。
        NHN (developers@xpressengine.com) 
    </description>
    <description xml:lang="tr">
        Bu yerleşim düzeni, XE Resmi website yerleşim düzenidir.
        NHN (developers@xpressengine.com) 
    </description>
    <version>0.1</version>
    <date>2010-08-20</date>
    <link>http://xpressengine.com/</link>

    <author email_address="developers@xpressengine.com" link="http://xpressengine.com/">
        <name xml:lang="ko">NHN</name>
        <name xml:lang="en">NHN</name>
		<name xml:lang="zh-CN">NHN</name>
        <name xml:lang="zh-TW">NHN</name>
        <name xml:lang="tr">NHN</name>
    </author>
    <extra_vars>
    	<var name="index_title" type="text">
            <title xml:lang="ko">홈페이지 Title</title>
            <title xml:lang="en">Homepage Title</title>
            <title xml:lang="zh-CN">网站标题</title>
            <title xml:lang="zh-TW">首頁標題</title>
            <title xml:lang="tr">Anasayfa Başlığı</title>
		</var>
        <var name="logo_image" type="image">
            <title xml:lang="ko">로고이미지</title>
            <title xml:lang="jp">ロゴイメージ</title>
            <title xml:lang="zh-CN">LOGO图片</title>
            <title xml:lang="zh-TW">Logo圖片</title>
            <title xml:lang="en">Logo image</title>
            <title xml:lang="ge">Logobildes</title>
            <title xml:lang="ru">Изображения логотипа</title>
            <title xml:lang="es">Imagen del logotipo</title>
	    	<title xml:lang="vi">Hình Logo</title>
	    	<title xml:lang="tr">Logo resmi</title>
            <description xml:lang="ko">레이아웃의 상단에 표시될 로고이미지를 입력하세요. (세로길이가 28px인 투명 이미지가 가장 어울립니다)</description>
            <description xml:lang="jp">レイアウトの上段に表示されるロゴイメージを入力して下さい。 (縦幅が28pxである透明イメージをお勧めします。。)</description>
            <description xml:lang="zh-CN">请输入显示在布局顶部的LOGO图片(高度为28px的透明图片为适)。</description>
            <description xml:lang="zh-TW">請輸入要顯示在版面上端的 Logo 圖片。(適當高度為 28px 的透明圖片。)</description>
            <description xml:lang="en">Please input a logo image which will be displayed on the top of layout. (Transparent image with height of 28px is recommended.)</description>
            <description xml:lang="ge">Bitte geben Sie ein Logo das Bild wird auf dem oberen Layout. (Transparent Bild mit einer Höhe von 28px wird empfohlen).</description>
            <description xml:lang="ru">Введите логотип изображение, которое будет отображаться в верхней части формы. (Прозрачный изображение с высотой 28px рекомендуется.)</description>
            <description xml:lang="es">Ingresar una imagen para logotipo. ( Se recomienda una imagen de fondo transparente con una altura de 28px.</description>
	    	<description xml:lang="vi">Hãy chọn Logo hiển thị phía trên cùng của giao diện. (Đề nghị: Hình ảnh có nền trong suốt và kích thước 28px.)</description>
	    	<description xml:lang="tr">Lütfen yerleşim düzeninin üst kısmında gösterilecek bir logo resmi giriniz. (Önerilen resim 28px uzunluğunda, transparan ayarda bir resimdir.)</description>
        </var>
        <var name="index_url" type="text">
            <title xml:lang="ko">홈 페이지 URL</title>
            <title xml:lang="jp">ホームページURL</title>
            <title xml:lang="zh-CN">主页地址</title>
            <title xml:lang="zh-TW">主頁網址</title>
            <title xml:lang="en">Homepage URL</title>
            <title xml:lang="ge">Homepage URL</title>
            <title xml:lang="ru">Домашняя страница URL</title>
            <title xml:lang="es">URL de la página web</title>
	    	<title xml:lang="vi">URL Trang chủ</title>
	    	<title xml:lang="tr">Anasayfa URLsi</title>
            <description xml:lang="ko">로고를 클릭시에 이동할 홈 페이지 URL을 입력해 주세요.</description>
            <description xml:lang="jp">ロゴをクリックした時に移動するホームページのURLを入力して下さい。</description>
            <description xml:lang="zh-CN">点击网站LOGO时要移动的页面URL。</description>
            <description xml:lang="zh-TW">請輸入當用戶按了網站 Logo 後，要前往的頁面網址。</description>
            <description xml:lang="en">Please input the URL to redirect when user clicks the logo</description>
            <description xml:lang="ge">Bitte geben Sie die URL umzuleiten, wenn Benutzer klickt das Logo</description>
            <description xml:lang="ru">Пожалуйста, введите URL для перенаправления, когда пользователь нажимает логотип</description>
            <description xml:lang="es">Ingresar el URL de la página web para redireccionar al pulsar el logotipo</description>
	    	<description xml:lang="vi">Hãy nhập địa chỉ bạn muốn chuyển đến khi bấm vào Logo</description>
	    	<description xml:lang="tr">Lütfen kullanıcıların logoya tıkladıklarında yönlendirilecekleri bir URL giriniz</description>
        </var>
    </extra_vars>
    <menus>
        <menu name="main_menu" maxdepth="3" default="true">
            <title xml:lang="ko">상단 메뉴</title>
            <title xml:lang="jp">上段用メニュー</title>
            <title xml:lang="zh-CN">主菜单</title>
            <title xml:lang="zh-TW">主選單</title>
            <title xml:lang="en">Top menu</title>
            <title xml:lang="ge">Top Menü</title>
            <title xml:lang="ru">Верхнее меню</title>
            <title xml:lang="es">Menú Principal</title>
            <title xml:lang="tr">Ana Menü</title>
	    <title xml:lang="vi">Menu trên</title>
        </menu>
    </menus>
</layout>
