<?xml version="1.0" encoding="utf-8"?>
<module>
    <grants />
    <permissions />
    <actions>
        <action name="dispAdminIndex" type="view" standalone="true" index="true" />
        <action name="dispAdminConfig" type="view" standalone="true" />

        <action name="procAdminRecompileCacheFile" type="controller" standalone="true" />
        <action name="procAdminLogout" type="controller" standalone="true" />
        <action name="getAdminFTPList" type="model" standalone="true" />
    </actions>
</module>
