<?xml version="1.0" encoding="UTF-8"?>
<addon version="0.2">
    <title xml:lang="ko">BlogAPI 애드온</title>
    <title xml:lang="jp">BlogAPIアドオン</title>
    <title xml:lang="zh-CN">BlogAPI</title>
    <title xml:lang="en">Addon for BlogAPI</title>
    <title xml:lang="vi">BlogAPI Addon</title>
    <title xml:lang="ge">Addon für BlogAPI</title>
    <title xml:lang="es">Addon para BlogAPI</title>
    <title xml:lang="ru">Аддон для BlogAPI</title>
    <title xml:lang="zh-TW">部落格 API</title>
    <description xml:lang="ko">
        metaWeblog를 지원하는 blogApi애드온입니다.
        사용으로 설정하시면 각 모듈마다 RSD 태그를 노출합니다.
        api의 주소는 http://설치주소/모듈명/api 입니다.
        사용으로 하셔야 RSD태그 및 api가 동작을 합니다.
    </description>
    <description xml:lang="jp">
        MetaWeblogをサポートするBlog APIアドオンです。
        「使用する」にチェックすると各モジュールごとにRSDのアドレスを表示します。
        APIのアドレスは「http://インストールURL/モジュール名/api」です。
        「使用する」に設定してから、RSDタグ、およびAPIが作動します。
    </description>
    <description xml:lang="zh-CN">
        支持metaWeblog的 blogApi插件。
        设置为"启用"时,会使每个模块都会显示RSD标签。
        api地址为http://安装地址/模块名/api。
        把状态设置为"使用"时，才会激活RSD标签及api。
    </description>
    <description xml:lang="en">
        This blogApi addon supports metaWeblog.
        By using this option, it lets the RSD tag to be exposed to each module.
        URL to the api is http://setup_path/module_name/api.
        RSD tag and the api will work only if u use this addon.
    </description>
    <description xml:lang="vi">
        Addon BlogAPI này hỗ trợ metaWeblog..
        Bằng việc sử dụng tùy chọn này, Tag RSD sẽ được hiển thị đến mỗi Module.
        URL cho API có dạng http://setup_path/module_name/api.
        RSD Tag và API chỉ làm việc khi Addon này được kích hoạt.
    </description>
    <description xml:lang="ge">
        Diese blogApi addon metaWeblog unterstützt.
        Durch die Verwendung dieser Option, die es ermöglicht RSD Tag ausgesetzt werden jedes Modul.
        URL der api ist http://setup_path/module_name/api.
        RSD-Tag und dem API arbeiten und nur dann, wenn Sie über dieses Addon.
    </description>
    <description xml:lang="es">
        Este blogApi addon soporta el metaWeblog.
        Si seleccionas la optión usar, cada módulo entregará la etiqueta RSD.
        La dirección de api es http://dirección de la instalación/nombre de módulo/api.
        Sólo si seleccionas la opción usar, funcionará la etiqueta RSD y api.
    </description>
    <description xml:lang="ru">
        Этот blogApi аддон поддерживает metaWeblog.
        Используя этот аддон, RSD тег становится доступным для каждого модуля.
        URL для api - http://setup_path/module_name/api.
        тег RSD и api работают только при включенном аддоне.
    </description>
    <description xml:lang="zh-TW">
        支援 MetaWeblog 的部落格 API 附加元件。
        設置成"啟用"時，會使每個模組都顯示 RSD 圖示。
        API網址是 http://安裝位置/模組名稱/api。
        將狀態設置成"啟用"時，才可使用 RSD 和 API
    </description>
    <version>0.1</version>
    <date>2007-02-28</date>

    <author email_address="developers@xpressengine.com" link="http://xpressengine.com/">
        <name xml:lang="ko">NHN</name>
        <name xml:lang="vi">NHN</name>
        <name xml:lang="jp">NHN</name>
        <name xml:lang="zh-CN">NHN</name>
        <name xml:lang="en">NHN</name>
        <name xml:lang="ge">NHN</name>
        <name xml:lang="es">NHN</name>
        <name xml:lang="ru">NHN</name>
        <name xml:lang="zh-TW">NHN</name>
    </author>
</addon>
