<?xml version="1.0" encoding="utf-8"?>
<module>
    <grants />
    <permissions />
    <actions>
        <action name="dispAddonAdminIndex" type="view" standalone="true" admin_index="true" />
        <action name="dispAddonAdminInfo" type="view" standalone="true" />
        <action name="dispAddonAdminSetup" type="view" standalone="true" />
        <action name="procAddonAdminToggleActivate" type="controller" standalone="true" />
        <action name="procAddonAdminSetupAddon" type="controller" standalone="true" />
        <action name="procAddonSetupAddonAddMid" type="controller" />
        <action name="procAddonSetupAddonDelMid" type="controller" />
    </actions>
</module>
